,Country name,year,Life Ladder,Log GDP per capita,Social support,Healthy life expectancy at birth,Freedom to make life choices,Generosity,Perceptions of corruption
2,Afghanistan,2010,4.758380889892578,7.646708965301514,0.5390751957893372,51.599998474121094,0.6001272201538086,0.12058963626623154,0.7067660689353943
7,Afghanistan,2015,3.9828546047210693,7.701992034912109,0.5285972356796265,53.20000076293945,0.3889275789260864,0.07986410707235336,0.8806383013725281
8,Afghanistan,2016,4.220168590545654,7.696559906005859,0.5590717792510986,53.0,0.5225661993026733,0.042265407741069794,0.7932455539703369
14,Albania,2010,5.268936634063721,9.303230285644531,0.7331522703170776,66.4000015258789,0.5689584016799927,-0.1721067726612091,0.7262616753578186
19,Albania,2015,4.6066508293151855,9.403101921081543,0.6393561363220215,67.80000305175781,0.7038506865501404,-0.08083881437778473,0.8847930431365967
20,Albania,2016,4.511100769042969,9.437311172485352,0.6384114623069763,68.0999984741211,0.7298189401626587,-0.016982201486825943,0.901070773601532
25,Algeria,2010,5.463566780090332,9.286935806274414,0.8183104482300043,64.5,0.5926958322525024,-0.2053198516368866,0.6180378794670105
29,Algeria,2016,5.340853691101074,9.362022399902344,0.7485882639884949,65.5,0.7466229984157259,0.008732767582596964,0.7445489010298807
41,Argentina,2010,6.441067218780518,10.065669059753418,0.9267985820770264,67.30000305175781,0.7302581667900085,-0.12568217515945435,0.8546954393386841
46,Argentina,2015,6.6971306800842285,10.083059310913086,0.9264922738075256,68.19999694824219,0.8812236785888672,-0.17384830117225647,0.8509061932563782
47,Argentina,2016,6.427221298217773,10.051465034484863,0.8828191161155701,68.4000015258789,0.8477022051811218,-0.19175593554973602,0.8509244918823242
56,Armenia,2010,4.36781120300293,9.136282920837402,0.6603423357009888,65.19999694824219,0.45925670862197876,-0.17614459991455078,0.890629231929779
61,Armenia,2015,4.3483195304870605,9.33444595336914,0.7225510478019714,66.0,0.5510266423225403,-0.202626571059227,0.901462197303772
62,Armenia,2016,4.325471878051758,9.332829475402832,0.7092183232307434,66.30000305175781,0.6109869480133057,-0.170423224568367,0.9214210510253906
66,Australia,2005,7.340688228607178,10.658608436584473,0.9678921699523926,71.4000015258789,0.9349732995033264,0.008732767582596964,0.3904159367084503
69,Australia,2010,7.450047016143799,10.722262382507324,0.9545195698738098,72.19999694824219,0.932058572769165,0.3167438507080078,0.3661274015903473
74,Australia,2015,7.309060573577881,10.779377937316895,0.951861560344696,72.69999694824219,0.9218710064888,0.33189859986305237,0.35655438899993896
75,Australia,2016,7.250080108642578,10.791088104248047,0.9423342347145081,73.0,0.9223157167434692,0.23855794966220856,0.39854511618614197
82,Austria,2010,7.30267858505249,10.861471176147461,0.914193332195282,71.4000015258789,0.8959797620773315,0.13089075684547424,0.5461448431015015
87,Austria,2015,7.076447010040283,10.881152153015137,0.9281103014945984,72.0999984741211,0.9003051519393921,0.09889271855354309,0.5574796199798584
88,Austria,2016,7.04807186126709,10.890950202941895,0.9263185858726501,72.4000015258789,0.88851398229599,0.07974882423877716,0.5236409902572632
97,Azerbaijan,2010,4.218610763549805,9.568906784057617,0.6870009899139404,63.400001525878906,0.5010710954666138,-0.1232181116938591,0.8583466410636902
102,Azerbaijan,2015,5.146774768829346,9.60601806640625,0.7857027649879456,64.5999984741211,0.7642894983291626,-0.19772739708423615,0.615552544593811
103,Azerbaijan,2016,5.303894996643066,9.563724517822266,0.777271032333374,64.9000015258789,0.7125731706619263,-0.2041623443365097,0.6067708134651184
108,Bahrain,2010,5.936869144439697,10.705819129943848,0.8771150708198547,66.30000305175781,0.8620029091835022,-0.0005844568950124085,0.7146201729774475
113,Bahrain,2015,6.007375240325928,10.785270690917969,0.852550745010376,67.69999694824219,0.8495211601257324,0.11202140152454376,0.7445489010298807
114,Bahrain,2016,6.169673442840576,10.780850410461426,0.8627001047134399,68.0999984741211,0.8886910676956177,0.08818747848272324,0.7445489010298807
122,Bangladesh,2010,4.858481407165527,7.9667487144470215,0.5493984818458557,60.70000076293945,0.6590056419372559,-0.01619577966630459,0.7735304832458496
127,Bangladesh,2015,4.633473873138428,8.216117858886719,0.6014682650566101,62.79999923706055,0.8147962689399719,-0.06844885647296906,0.7206009030342102
128,Bangladesh,2016,4.556140899658203,8.273923873901367,0.6491169333457947,63.29999923706055,0.8747004866600037,-0.08873125165700912,0.6878536343574524
137,Belarus,2010,5.525923252105713,9.757791519165039,0.9180001616477966,62.29999923706055,0.7000644207000732,-0.1625654548406601,0.7061206102371216
142,Belarus,2015,5.718907833099365,9.815067291259766,0.9240726232528687,65.19999694824219,0.6227534413337708,-0.09133758395910263,0.6686781644821167
143,Belarus,2016,5.177899360656738,9.788223266601562,0.926551103591919,65.5,0.6582288146018982,-0.1254873126745224,0.6640551686286926
147,Belgium,2005,7.2622904777526855,10.74460506439209,0.9348747134208679,69.9000015258789,0.9238430261611938,0.008732767582596964,0.5975544452667236
150,Belgium,2010,6.853514194488525,10.779181480407715,0.9305701851844788,70.80000305175781,0.8069302439689636,0.02229495719075203,0.6973655819892883
155,Belgium,2015,6.904219150543213,10.809558868408203,0.8852088451385498,71.4000015258789,0.8694749474525452,0.06221495568752289,0.4687846302986145
156,Belgium,2016,6.948936462402344,10.819169998168945,0.9289640784263611,71.5999984741211,0.865759015083313,-0.05582595616579056,0.4966591000556946
169,Benin,2015,3.624664306640625,7.988194465637207,0.43438851833343506,53.099998474121094,0.7333835959434509,-0.026637520641088486,0.850098192691803
170,Benin,2016,4.007357597351074,7.993431568145752,0.49281585216522217,53.5,0.779795229434967,-0.0650717094540596,0.837715744972229
177,Bhutan,2015,5.082128524780273,9.218923568725586,0.8475744128227234,60.20000076293945,0.8301015496253967,0.2774123549461365,0.6339557766914368
182,Bolivia,2010,5.780620098114014,8.79676342010498,0.8071855902671814,61.0,0.7033410668373108,-0.06846834719181061,0.7813425064086914
187,Bolivia,2015,5.834329128265381,8.985246658325195,0.8287057876586914,62.70000076293945,0.8836250901222229,-0.02951531484723091,0.862373948097229
188,Bolivia,2016,5.769723415374756,9.012200355529785,0.7959587574005127,63.0,0.8817487359046936,-0.04674965888261795,0.852592945098877
195,Bosnia and Herzegovina,2010,4.668517589569092,9.312170028686523,0.7727537155151367,66.69999694824219,0.36496689915657043,-0.12780308723449707,0.9330300688743591
200,Bosnia and Herzegovina,2015,5.117177963256836,9.456695556640625,0.6557236313819885,66.9000015258789,0.630698025226593,-0.05457206070423126,0.9598536491394043
201,Bosnia and Herzegovina,2016,5.180865287780762,9.500313758850098,0.8077051043510437,67.19999694824219,0.6334537267684937,0.1338658183813095,0.9573119878768921
208,Botswana,2010,3.5530202388763428,9.555797576904297,0.8656247854232788,52.900001525878906,0.826219379901886,-0.14286021888256073,0.8139854073524475
213,Botswana,2015,3.761964797973633,9.72402286529541,0.8156560659408569,56.79999923706055,0.8571689128875732,-0.11625391244888306,0.8602929711341858
214,Botswana,2016,3.498936653137207,9.747831344604492,0.7683027982711792,57.5,0.8516948819160461,-0.2527235150337219,0.7291718125343323
218,Brazil,2005,6.636771202087402,9.438417434692383,0.8829229474067688,63.29999923706055,0.8821861147880554,0.008732767582596964,0.744994044303894
222,Brazil,2010,6.837331295013428,9.606988906860352,0.9055281281471252,64.5,0.8059492707252502,-0.053968582302331924,0.6560360789299011
227,Brazil,2015,6.546896934509277,9.619746208190918,0.9066931009292603,65.80000305175781,0.7989352941513062,-0.015561512671411037,0.7713390588760376
228,Brazil,2016,6.374817371368408,9.578201293945312,0.912455141544342,66.0,0.8065715432167053,-0.10031595081090927,0.7810927629470825
234,Bulgaria,2010,3.912276268005371,9.765453338623047,0.8432720303535461,65.69999694824219,0.5445364117622375,-0.14425349235534668,0.9409700036048889
239,Bulgaria,2015,4.865401268005371,9.88322639465332,0.9075170159339905,66.19999694824219,0.6368178129196167,-0.19982804358005524,0.941279947757721
240,Bulgaria,2016,4.837560653686523,9.927647590637207,0.9260360598564148,66.4000015258789,0.7002655267715454,-0.17019306123256683,0.935988187789917
248,Burkina Faso,2010,4.035560607910156,7.452925205230713,0.7731035351753235,49.70000076293945,0.586580753326416,-0.036144863814115524,0.7673351168632507
253,Burkina Faso,2015,4.4189300537109375,7.56773567199707,0.7053934931755066,52.400001525878906,0.659102737903595,0.0035707743372768164,0.6927239894866943
254,Burkina Faso,2016,4.205634593963623,7.596461772918701,0.7644011378288269,52.900001525878906,0.6446815133094788,-0.0005431066383607686,0.7205424308776855
267,Cambodia,2010,4.1410722732543945,7.907172679901123,0.6971638202667236,58.5,0.9401311874389648,0.3498647212982178,0.8957144618034363
272,Cambodia,2015,4.162164688110352,8.172927856445312,0.7286102771759033,60.400001525878906,0.9563198089599609,0.2100825160741806,0.8251302242279053
273,Cambodia,2016,4.461259365081787,8.225223541259766,0.7459012269973755,60.79999923706055,0.9578214883804321,0.07606024295091629,0.8404168486595154
282,Cameroon,2010,4.554256916046143,8.03470230102539,0.758640706539154,48.29999923706055,0.7922201752662659,0.002302558394148946,0.8747186660766602
287,Cameroon,2015,5.037964820861816,8.148646354675293,0.6463124752044678,50.29999923706055,0.7914285659790039,0.04931523650884628,0.8680490255355835
288,Cameroon,2016,4.816232204437256,8.167478561401367,0.6592997908592224,51.099998474121094,0.7125070095062256,-0.0034864014014601707,0.8794505596160889
293,Canada,2005,7.41804838180542,10.651750564575195,0.9615524411201477,71.30000305175781,0.9573062658309937,0.25623002648353577,0.5026811957359314
297,Canada,2010,7.650346279144287,10.716547012329102,0.9537654519081116,72.19999694824219,0.933948814868927,0.23045091331005096,0.41265958547592163
302,Canada,2015,7.4127726554870605,10.774161338806152,0.9390670657157898,73.0,0.9314689636230469,0.25282102823257446,0.42715224623680115
303,Canada,2016,7.244845867156982,10.772802352905273,0.9243925213813782,73.19999694824219,0.9124239087104797,0.21116217970848083,0.3850904405117035
309,Central African Republic,2010,3.567892551422119,7.091202259063721,0.48333388566970825,42.70000076293945,0.6899508833885193,-0.03595368191599846,0.8453769683837891
311,Central African Republic,2016,2.693061113357544,6.785016059875488,0.2901841700077057,44.900001525878906,0.6240565180778503,0.03262311965227127,0.8590730428695679
317,Chad,2010,3.742871046066284,7.457431316375732,0.7337136268615723,45.099998474121094,0.5046125650405884,0.02490825578570366,0.8576640486717224
322,Chad,2015,4.3226752281188965,7.526775360107422,0.7512522339820862,46.70000076293945,0.4743608832359314,-0.02865956537425518,0.8886393904685974
323,Chad,2016,4.029350280761719,7.43073844909668,0.6162048578262329,47.20000076293945,0.52522212266922,0.05205228552222252,0.8197888731956482
331,Chile,2010,6.635655879974365,9.931132316589355,0.8569552302360535,68.9000015258789,0.7863674759864807,0.10783441364765167,0.7018247246742249
336,Chile,2015,6.532749652862549,10.070427894592285,0.8271418809890747,69.5999984741211,0.7688814401626587,0.04059410095214844,0.8115113377571106
337,Chile,2016,6.579056262969971,10.074141502380371,0.8413881659507751,69.69999694824219,0.6522897481918335,0.10244280844926834,0.8581249713897705
346,China,2010,4.652736663818359,9.092103958129883,0.7677525877952576,67.5999984741211,0.8047935962677002,-0.1333180069923401,0.7445489010298807
351,China,2015,5.303877830505371,9.448722839355469,0.7937337160110474,68.4000015258789,0.7466229984157259,-0.2444354146718979,0.7445489010298807
352,China,2016,5.324955940246582,9.509552001953125,0.7417030334472656,68.69999694824219,0.7466229984157259,-0.22752168774604797,0.7445489010298807
361,Colombia,2010,6.408113479614258,9.384450912475586,0.8929926753044128,65.69999694824219,0.8161211013793945,-0.04953153431415558,0.8145244717597961
366,Colombia,2015,6.387571811676025,9.563640594482422,0.8899000287055969,66.80000305175781,0.7908979654312134,-0.10012606531381607,0.8428993225097656
367,Colombia,2016,6.233715057373047,9.570698738098145,0.8819003701210022,67.0999984741211,0.8349661231040955,-0.10034167766571045,0.8975538611412048
373,Comoros,2010,3.8121910095214844,7.9649505615234375,0.721342921257019,54.70000076293945,0.5286752581596375,0.005318737123161554,0.7411817312240601
383,Congo (Brazzaville),2015,4.690830230712891,8.24338150024414,0.6421361565589905,56.099998474121094,0.8501724600791931,-0.10392161458730698,0.8413594961166382
384,Congo (Brazzaville),2016,4.11949348449707,8.18958568572998,0.6154490113258362,56.70000076293945,0.7859065532684326,-0.07172609120607376,0.7903857231140137
393,Congo (Kinshasa),2015,3.9027416706085205,6.9709577560424805,0.7672355771064758,52.099998474121094,0.5737637877464294,-0.04758510738611221,0.8663780093193054
394,Congo (Kinshasa),2016,4.52193546295166,6.961839199066162,0.8641545176506042,52.5,0.6373667120933533,-0.024395395070314407,0.8749996423721313
400,Costa Rica,2010,7.271053791046143,9.675203323364258,0.9151412844657898,69.69999694824219,0.8810296058654785,0.04745413362979889,0.7625872492790222
405,Costa Rica,2015,6.854004383087158,9.799487113952637,0.8782729506492615,70.69999694824219,0.9069256782531738,-0.059071723371744156,0.761419415473938
406,Costa Rica,2016,7.135617733001709,9.830493927001953,0.9007012844085693,70.9000015258789,0.8729719519615173,-0.03244306519627571,0.7805620431900024
412,Croatia,2010,5.595575332641602,10.090949058532715,0.7963916063308716,67.9000015258789,0.5643726587295532,-0.23707468807697296,0.9727389812469482
417,Croatia,2015,5.205438137054443,10.104363441467285,0.7683634161949158,68.4000015258789,0.6935230493545532,-0.0964784175157547,0.8485455513000488
418,Croatia,2016,5.41687536239624,10.145591735839844,0.798332154750824,69.0,0.671970546245575,-0.0646120235323906,0.8840597867965698
426,Cyprus,2010,6.3865461349487305,10.551297187805176,0.8221237063407898,72.4000015258789,0.7553628087043762,0.07253256440162659,0.8334270119667053
431,Cyprus,2015,5.43916130065918,10.445100784301758,0.7695561051368713,73.0999984741211,0.6280348300933838,0.11379989981651306,0.8927951455116272
432,Cyprus,2016,5.794618606567383,10.505802154541016,0.7864384651184082,73.30000305175781,0.7562209963798523,-0.0302341990172863,0.8976395130157471
437,Czech Republic,2005,6.43925666809082,10.324370384216309,0.9187594652175903,67.0,0.8652349710464478,0.008732767582596964,0.9007327556610107
439,Czech Republic,2010,6.249617576599121,10.419456481933594,0.9341611266136169,68.0999984741211,0.7791122198104858,-0.04180572181940079,0.9259641170501709
444,Czech Republic,2015,6.608017444610596,10.495902061462402,0.9113625884056091,68.80000305175781,0.8084841966629028,-0.14585736393928528,0.886467456817627
445,Czech Republic,2016,6.735627174377441,10.51819133758545,0.9305928945541382,69.30000305175781,0.850328266620636,-0.19747526943683624,0.9004307389259338
449,Denmark,2005,8.01893424987793,10.851396560668945,0.972371518611908,69.5999984741211,0.9711350202560425,0.008732767582596964,0.23652170598506927
453,Denmark,2010,7.770515441894531,10.838536262512207,0.9749770760536194,70.4000015258789,0.9436308145523071,0.24244248867034912,0.17489609122276306
458,Denmark,2015,7.514424800872803,10.87840461730957,0.9597012996673584,71.5,0.9414364099502563,0.22208371758460999,0.19101639091968536
459,Denmark,2016,7.5577826499938965,10.902544021606445,0.9544515013694763,71.80000305175781,0.9482305645942688,0.13780741393566132,0.2098933756351471
466,Djibouti,2010,5.005810737609863,7.811862945556641,0.8183104482300043,54.29999923706055,0.7637303471565247,-0.058335963636636734,0.5969102382659912
472,Dominican Republic,2010,4.735021114349365,9.455828666687012,0.8599693179130554,63.79999923706055,0.8239028453826904,-0.07484927028417587,0.7797421216964722
477,Dominican Republic,2015,5.061862468719482,9.637459754943848,0.893197774887085,64.9000015258789,0.8560253381729126,-0.06538671255111694,0.7552881836891174
478,Dominican Republic,2016,5.238698482513428,9.690702438354492,0.8947534561157227,65.19999694824219,0.8727124333381653,-0.08013516664505005,0.7371829748153687
487,Ecuador,2010,5.8380513191223145,9.243868827819824,0.8392797112464905,66.80000305175781,0.7230790853500366,-0.06322862207889557,0.80563884973526
492,Ecuador,2015,5.964075088500977,9.383989334106445,0.8558892011642456,67.5999984741211,0.8008704781532288,-0.11392004787921906,0.6658275127410889
493,Ecuador,2016,6.1154375076293945,9.354580879211426,0.8423520922660828,67.9000015258789,0.846336305141449,-0.015231534838676453,0.7740841507911682
498,Egypt,2005,5.167754173278809,9.03563404083252,0.8478424549102783,59.70000076293945,0.8173620104789734,0.008732767582596964,0.7445489010298807
502,Egypt,2010,4.66891622543335,9.243782043457031,0.7686752676963806,60.0,0.48627904057502747,-0.07568343728780746,0.8263351917266846
507,Egypt,2015,4.762538433074951,9.265817642211914,0.7297442555427551,60.79999923706055,0.6592614650726318,-0.0885595828294754,0.6844980716705322
508,Egypt,2016,4.556740760803223,9.28691291809082,0.8092185854911804,61.099998474121094,0.6558452248573303,-0.14144141972064972,0.8175274133682251
517,El Salvador,2010,6.739911079406738,8.899547576904297,0.756653904914856,64.19999694824219,0.6693378686904907,-0.06386901438236237,0.6941800713539124
522,El Salvador,2015,6.018496036529541,9.004916191101074,0.7907553911209106,65.19999694824219,0.7333559393882751,-0.15617093443870544,0.8045442700386047
523,El Salvador,2016,6.139824867248535,9.02517032623291,0.7936599850654602,65.5,0.7998470067977905,-0.18488235771656036,0.7973120212554932
536,Estonia,2015,5.628908634185791,10.348464965820312,0.9179296493530273,68.0,0.8146923780441284,-0.1636808067560196,0.5687344670295715
537,Estonia,2016,5.649675369262695,10.374149322509766,0.9377151131629944,68.19999694824219,0.8427706956863403,-0.1490490436553955,0.6390852928161621
545,Ethiopia,2015,4.573154926300049,7.483853816986084,0.625596821308136,57.0,0.8026425838470459,0.1127219870686531,0.5670273303985596
546,Ethiopia,2016,4.297848701477051,7.546919345855713,0.7187187075614929,57.5,0.7443076968193054,0.03844696283340454,0.702880859375
553,Finland,2010,7.393264293670654,10.733675956726074,0.9354813694953918,70.4000015258789,0.9160091280937195,0.09115035086870193,0.41251569986343384
558,Finland,2015,7.447925567626953,10.716032981872559,0.9478005766868591,71.5999984741211,0.9298619031906128,0.1112648993730545,0.22336965799331665
559,Finland,2016,7.659843444824219,10.739903450012207,0.9539404511451721,71.69999694824219,0.9483721852302551,-0.026773840188980103,0.24965956807136536
564,France,2005,7.093392848968506,10.641690254211426,0.9403382539749146,71.30000305175781,0.8948192596435547,0.008732767582596964,0.687850832939148
568,France,2010,6.797901153564453,10.65371322631836,0.9429547786712646,72.19999694824219,0.8497021794319153,-0.10351292043924332,0.622954249382019
573,France,2015,6.3576250076293945,10.681742668151855,0.8957194089889526,73.19999694824219,0.8170362114906311,-0.139271080493927,0.6406020522117615
574,France,2016,6.475208759307861,10.6899995803833,0.8849229216575623,73.4000015258789,0.7867804765701294,-0.09128700941801071,0.6226970553398132
583,Gabon,2015,4.661012649536133,9.649173736572266,0.7558619976043701,58.20000076293945,0.6713007092475891,-0.1935608983039856,0.8667774796485901
584,Gabon,2016,4.831764221191406,9.63943862915039,0.7800489664077759,58.70000076293945,0.6989423632621765,-0.20403331518173218,0.8165635466575623
595,Georgia,2010,4.101837158203125,9.183660507202148,0.5403889417648315,64.80000305175781,0.5578579306602478,-0.247610941529274,0.45973631739616394
600,Georgia,2015,4.121940612792969,9.44186019897461,0.5173715949058533,65.0999984741211,0.6399449706077576,-0.20479491353034973,0.5024167895317078
601,Georgia,2016,4.448386192321777,9.469911575317383,0.5334122776985168,64.9000015258789,0.6064683794975281,-0.24917255342006683,0.5609240531921387
606,Germany,2005,6.619549751281738,10.689224243164062,0.96349036693573,70.19999694824219,0.8466237783432007,0.008732767582596964,0.7810068130493164
610,Germany,2010,6.724531173706055,10.756355285644531,0.9393086433410645,70.9000015258789,0.8426564335823059,0.09513787180185318,0.6880059838294983
615,Germany,2015,7.037137508392334,10.843671798706055,0.925923228263855,71.30000305175781,0.8894288539886475,0.1776224672794342,0.4121682941913605
616,Germany,2016,6.873763084411621,10.85765552520752,0.9060292840003967,71.5999984741211,0.8705150485038757,0.14828841388225555,0.4459221363067627
625,Ghana,2010,4.6062517166137695,8.224802017211914,0.7385586500167847,54.099998474121094,0.8911299109458923,0.07365774363279343,0.8748491406440735
630,Ghana,2015,3.9859161376953125,8.449007034301758,0.6874485611915588,56.0,0.8520161509513855,-0.03834652155637741,0.9454361200332642
631,Ghana,2016,4.514411449432373,8.460437774658203,0.6473031640052795,56.400001525878906,0.7511683702468872,0.08957398682832718,0.8939552307128906
636,Greece,2005,6.006309986114502,10.461699485778809,0.8365394473075867,70.5,0.7341718077659607,0.008732767582596964,0.8605630993843079
639,Greece,2010,5.8395586013793945,10.433106422424316,0.8684224486351013,71.5,0.4841109812259674,-0.3028769791126251,0.9541138410568237
644,Greece,2015,5.622519016265869,10.258951187133789,0.8348246812820435,71.80000305175781,0.5317363142967224,-0.27197811007499695,0.8239596486091614
645,Greece,2016,5.302619457244873,10.261198997497559,0.8026058673858643,72.0,0.4816168546676636,-0.26015955209732056,0.8984708189964294
654,Guatemala,2010,6.289748668670654,8.90054988861084,0.8590524792671204,62.099998474121094,0.6958629488945007,0.16623491048812866,0.7948353886604309
659,Guatemala,2015,6.464986801147461,9.002745628356934,0.8228374719619751,63.900001525878906,0.8686397671699524,0.0512973815202713,0.8216549158096313
660,Guatemala,2016,6.358916282653809,9.012591361999512,0.8112354874610901,64.19999694824219,0.8626757264137268,0.011462771333754063,0.812030017375946
668,Guinea,2015,3.5046935081481934,7.644764423370361,0.5788596272468567,51.099998474121094,0.6659530401229858,0.006546582095324993,0.7621520161628723
669,Guinea,2016,3.6028547286987305,7.721042156219482,0.6754470467567444,52.20000076293945,0.725685179233551,-0.05631233751773834,0.8027811646461487
676,Haiti,2010,3.7659988403320312,7.3844170570373535,0.5540307760238647,32.29999923706055,0.3729413151741028,0.21556104719638824,0.8480067849159241
681,Haiti,2015,3.5697624683380127,7.47552490234375,0.5643196702003479,55.099998474121094,0.39829549193382263,0.30593231320381165,0.7774039506912231
682,Haiti,2016,3.3523001670837402,7.476534366607666,0.5837424397468567,55.29999923706055,0.3035404086112976,0.2913130819797516,0.8385231494903564
689,Honduras,2010,5.86613130569458,8.490227699279785,0.8029389977455139,65.5,0.6455284953117371,0.10542243719100952,0.8199400901794434
694,Honduras,2015,4.8454365730285645,8.57232666015625,0.7723755240440369,66.5999984741211,0.5340576767921448,-0.09682408720254898,0.8480827212333679
695,Honduras,2016,5.6481547355651855,8.593341827392578,0.7739099860191345,66.80000305175781,0.850046694278717,0.08001717925071716,0.7928751707077026
702,Hong Kong S.A.R. of China,2010,5.642834663391113,10.846633911132812,0.85731440782547,63.77080735620463,0.8904176950454712,0.33195504546165466,0.25577542185783386
706,Hong Kong S.A.R. of China,2016,5.498420715332031,10.969857215881348,0.8320779204368591,63.77080735620463,0.7997434139251709,0.10023517161607742,0.40281257033348083
710,Hungary,2005,5.193933486938477,10.107747077941895,0.9296282529830933,64.5999984741211,0.6968744993209839,0.008732767582596964,0.9028106927871704
713,Hungary,2010,4.725132465362549,10.106154441833496,0.8956937193870544,65.5999984741211,0.5138353705406189,-0.14508886635303497,0.9832760095596313
718,Hungary,2015,5.344383239746094,10.223447799682617,0.8587338328361511,66.4000015258789,0.5577213764190674,-0.1978226602077484,0.9075303077697754
719,Hungary,2016,5.448901653289795,10.248160362243652,0.8995115756988525,66.80000305175781,0.5539517402648926,-0.1868685781955719,0.9241858124732971
727,Iceland,2015,7.49807071685791,10.853975296020508,0.9802832007408142,73.0,0.9404851198196411,0.30074355006217957,0.638661801815033
728,Iceland,2016,7.510034561157227,10.904261589050293,0.9849400520324707,73.0,0.9516095519065857,0.28081178665161133,0.7192995548248291
736,India,2010,4.989277362823486,8.34929370880127,0.6048097610473633,57.400001525878906,0.7830603718757629,0.05790228396654129,0.8625480532646179
741,India,2015,4.342079162597656,8.604167938232422,0.6101332902908325,58.900001525878906,0.7772252559661865,-0.005146285519003868,0.7764349579811096
742,India,2016,4.179177284240723,8.672600746154785,0.6135293841362,59.29999923706055,0.8200687766075134,0.04590987786650658,0.7647221088409424
751,Indonesia,2010,5.45729923248291,9.022411346435547,0.8160215020179749,60.400001525878906,0.6996575593948364,0.4475151598453522,0.9540495872497559
756,Indonesia,2015,5.042799949645996,9.225190162658691,0.8094781041145325,61.5,0.7794183492660522,0.471330463886261,0.9459672570228577
757,Indonesia,2016,5.136325359344482,9.262097358703613,0.7918305993080139,61.70000076293945,0.8299416303634644,0.49978023767471313,0.8896774053573608
761,Iran,2005,5.30819034576416,9.392513275146484,0.7659780383110046,62.0,0.6511676907539368,0.008732767582596964,0.6364903450012207
768,Iran,2015,4.749955654144287,9.44920825958252,0.5724068880081177,65.0999984741211,0.7803832292556763,0.1763601452112198,0.698951244354248
769,Iran,2016,4.652730941772461,9.56136417388916,0.5662811994552612,65.4000015258789,0.773303747177124,0.18561804294586182,0.712782621383667
776,Iraq,2010,5.065462112426758,9.112018585205078,0.8541178107261658,59.599998474121094,0.41906410455703735,-0.12462075054645538,0.858734667301178
781,Iraq,2015,4.493377208709717,9.240935325622559,0.6844348311424255,58.400001525878906,0.5994599461555481,0.01945452205836773,0.7621671557426453
782,Iraq,2016,4.412537097930908,9.353771209716797,0.718956708908081,59.0,0.6661601662635803,-0.05207745358347893,0.7988664507865906
789,Ireland,2010,7.257389545440674,10.878826141357422,0.9728859066963196,71.5,0.8560295701026917,0.3479984998703003,0.6180241107940674
794,Ireland,2015,6.830125331878662,11.173857688903809,0.9529425501823425,72.0,0.89227694272995,0.2326010912656784,0.40875691175460815
795,Ireland,2016,7.040731430053711,11.198687553405762,0.9581440091133118,72.0999984741211,0.8745891451835632,0.1742699146270752,0.3985443115234375
804,Israel,2010,7.358916282653809,10.46103286743164,0.8818298578262329,72.4000015258789,0.5614778995513916,0.14988914132118225,0.9021826982498169
809,Israel,2015,7.079411029815674,10.535648345947266,0.8641301989555359,72.69999694824219,0.7527839541435242,0.10847609490156174,0.7894299030303955
810,Israel,2016,7.159010887145996,10.555092811584473,0.8896607756614685,72.9000015258789,0.7722973227500916,0.1531602144241333,0.8040565848350525
815,Italy,2005,6.85378360748291,10.702737808227539,0.9280006885528564,71.9000015258789,0.8021949529647827,0.008732767582596964,0.9439123272895813
819,Italy,2010,6.354238033294678,10.666001319885254,0.8723841309547424,72.80000305175781,0.7377389073371887,-0.059522271156311035,0.921075165271759
824,Italy,2015,5.847683906555176,10.607693672180176,0.908986508846283,73.0,0.5747657418251038,-0.06420718133449554,0.9127530455589294
825,Italy,2016,5.954524040222168,10.622243881225586,0.9272128343582153,73.19999694824219,0.623741626739502,-0.08054095506668091,0.9028012156486511
833,Ivory Coast,2015,4.445038795471191,8.393250465393066,0.7039916515350342,47.70000076293945,0.799745500087738,-0.05340500921010971,0.7442496418952942
834,Ivory Coast,2016,4.542545795440674,8.43722152709961,0.6174007654190063,48.29999923706055,0.7687893509864807,-0.0427115261554718,0.7574533820152283
845,Japan,2005,6.515817165374756,10.529192924499512,0.9277119636535645,73.19999694824219,0.8677792549133301,0.008732767582596964,0.6989297270774841
849,Japan,2010,6.056752681732178,10.531758308410645,0.9019249081611633,73.80000305175781,0.7717223763465881,-0.14023146033287048,0.7695570588111877
854,Japan,2015,5.8796844482421875,10.588424682617188,0.9226571917533875,74.69999694824219,0.8316941857337952,-0.15512794256210327,0.654443085193634
855,Japan,2016,5.95465087890625,10.594783782958984,0.8997738361358643,74.80000305175781,0.8360646367073059,-0.06203944608569145,0.6976393461227417
860,Jordan,2005,6.2946600914001465,9.245755195617676,0.9200129508972168,63.5,0.7466229984157259,0.008732767582596964,0.6697267293930054
864,Jordan,2010,5.569942474365234,9.317487716674805,0.9179888963699341,64.69999694824219,0.7880731225013733,-0.04645862057805061,0.7445489010298807
869,Jordan,2015,5.404593467712402,9.20739459991455,0.8304438591003418,66.19999694824219,0.7665170431137085,-0.04579333961009979,0.7445489010298807
870,Jordan,2016,5.271284580230713,9.196953773498535,0.8199447393417358,66.4000015258789,0.771350622177124,-0.03817466273903847,0.7445489010298807
879,Kazakhstan,2010,5.514286518096924,9.940361976623535,0.9037864804267883,60.20000076293945,0.7848518490791321,-0.21510536968708038,0.8227036595344543
884,Kazakhstan,2015,5.949995040893555,10.097837448120117,0.9313492774963379,62.79999923706055,0.7401328086853027,-0.036992888897657394,0.7138442993164062
885,Kazakhstan,2016,5.5335516929626465,10.09455680847168,0.9278106689453125,63.400001525878906,0.7828055620193481,-0.03605582192540169,0.7020166516304016
894,Kenya,2010,4.255859375,8.11068344116211,0.8053264617919922,55.5,0.6354572176933289,0.01862819492816925,0.917921245098114
899,Kenya,2015,4.3576178550720215,8.249250411987305,0.7769230604171753,58.29999923706055,0.7929903268814087,0.2206527590751648,0.8525498509407043
900,Kenya,2016,4.396127700805664,8.28216552734375,0.7059215903282166,58.900001525878906,0.7485082745552063,0.2983267605304718,0.8284115791320801
908,Kosovo,2010,5.176601409912109,9.032692909240723,0.7079588770866394,63.77080735620463,0.45144379138946533,0.16969604790210724,0.9672717452049255
913,Kosovo,2015,5.077460765838623,9.182307243347168,0.805270791053772,63.77080735620463,0.5610482692718506,0.1808512657880783,0.8506470918655396
914,Kosovo,2016,5.7594122886657715,9.228177070617676,0.8238027095794678,63.77080735620463,0.8273985981941223,0.12486887723207474,0.9408979415893555
921,Kuwait,2010,6.798151016235352,10.982071876525879,0.8927223086357117,64.5999984741211,0.7030197381973267,-0.03140505403280258,0.4861114025115967
926,Kuwait,2015,6.146031856536865,10.912070274353027,0.8230177760124207,66.0999984741211,0.821662425994873,0.08159535378217697,0.7445489010298807
927,Kuwait,2016,5.947194576263428,10.909777641296387,0.8452220559120178,66.30000305175781,0.8409671783447266,-0.0751558393239975,0.7445489010298807
934,Kyrgyzstan,2010,4.996410846710205,8.32871150970459,0.8853629231452942,61.099998474121094,0.7200511693954468,-0.07162701338529587,0.9257935881614685
939,Kyrgyzstan,2015,4.905375957489014,8.477441787719727,0.8565845489501953,63.20000076293945,0.8131758570671082,0.19976788759231567,0.8577250242233276
940,Kyrgyzstan,2016,4.856534004211426,8.49951457977295,0.9143754839897156,63.5,0.8139392137527466,0.05620928853750229,0.9169228076934814
962,Latvia,2015,5.8805975914001465,10.184513092041016,0.8793724179267883,65.9000015258789,0.6563931703567505,-0.07739152759313583,0.8084003925323486
963,Latvia,2016,5.940446376800537,10.211235046386719,0.9170739650726318,66.19999694824219,0.685299277305603,-0.1563720554113388,0.8676396012306213
968,Lebanon,2005,5.491245269775391,9.565473556518555,0.7962783575057983,64.5999984741211,0.7032058238983154,0.008732767582596964,0.9451770186424255
972,Lebanon,2010,5.031899452209473,9.878128051757812,0.7214247584342957,65.19999694824219,0.6776387095451355,0.07293888926506042,0.9490628838539124
977,Lebanon,2015,5.171971321105957,9.698872566223145,0.7417077422142029,65.5999984741211,0.5967497825622559,0.07265167683362961,0.8889532685279846
978,Lebanon,2016,5.270723819732666,9.687102317810059,0.8278859257698059,66.0999984741211,0.6573574542999268,0.031364038586616516,0.8531144857406616
983,Lesotho,2016,3.8082048892974854,7.952508926391602,0.7980592846870422,46.599998474121094,0.7294898629188538,-0.09877336770296097,0.7428733706474304
988,Liberia,2010,4.196063041687012,7.258444786071777,0.8270987272262573,51.599998474121094,0.8190053701400757,-0.03828760236501694,0.8184295296669006
990,Liberia,2015,2.7015912532806396,7.365483283996582,0.6376659870147705,53.70000076293945,0.6714308857917786,-0.06149032339453697,0.9026726484298706
991,Liberia,2016,3.3546760082244873,7.324065208435059,0.6426146030426025,54.5,0.7634760141372681,0.03305376321077347,0.9012674689292908
996,Libya,2015,5.6154046058654785,9.307687759399414,0.8679876923561096,62.29999923706055,0.7745449542999268,-0.044114116579294205,0.7445489010298807
997,Libya,2016,5.4335832595825195,9.267894744873047,0.8760658502578735,62.29999923706055,0.8223848342895508,-0.08946792781352997,0.7445489010298807
1005,Lithuania,2010,5.06582498550415,10.085494995117188,0.8818106055259705,64.5,0.5193522572517395,-0.27488023042678833,0.9621672034263611
1010,Lithuania,2015,5.71137809753418,10.335315704345703,0.9285235404968262,65.5,0.641470193862915,-0.25363197922706604,0.9241740703582764
1011,Lithuania,2016,5.8655524253845215,10.373261451721191,0.937873363494873,66.0999984741211,0.6142393350601196,-0.2663264870643616,0.9493926763534546
1017,Luxembourg,2010,7.097251892089844,11.591707229614258,0.9523717164993286,71.69999694824219,0.9083030819892883,0.0958511009812355,0.4233413338661194
1022,Luxembourg,2015,6.701571464538574,11.616852760314941,0.9336045980453491,72.5999984741211,0.9322564005851746,0.052099939435720444,0.3753904700279236
1023,Luxembourg,2016,6.96734094619751,11.640029907226562,0.941260576248169,72.5999984741211,0.882365345954895,0.018697967752814293,0.3563363254070282
1033,Madagascar,2015,3.5925140380859375,7.343921661376953,0.6467165350914001,57.900001525878906,0.5447536110877991,-0.04082195833325386,0.8609533905982971
1034,Madagascar,2016,3.6630859375,7.356194972991943,0.7464969754219055,58.29999923706055,0.5696454048156738,-0.06898024678230286,0.8641711473464966
1045,Malawi,2015,3.867638349533081,6.9346208572387695,0.4943816363811493,55.5,0.8013907074928284,0.05806805565953255,0.8348253965377808
1046,Malawi,2016,3.4764926433563232,6.932058811187744,0.5242996215820312,56.20000076293945,0.8098841309547424,0.06585712730884552,0.8236150145530701
1054,Malaysia,2010,5.580281734466553,9.930140495300293,0.8390957713127136,65.5999984741211,0.7691906690597534,0.03238602727651596,0.8436910510063171
1059,Malaysia,2015,6.3221211433410645,10.118295669555664,0.8176162838935852,66.4000015258789,0.6745944619178772,0.2223144769668579,0.8378922343254089
1066,Mali,2010,3.7623050212860107,7.641754150390625,0.7509222626686096,48.400001525878906,0.749049723148346,-0.027934813871979713,0.8105911612510681
1071,Mali,2015,4.582098484039307,7.668847560882568,0.8301891684532166,50.20000076293945,0.6337535381317139,-0.06758229434490204,0.8000467419624329
1072,Mali,2016,4.016027927398682,7.695135116577148,0.8362545371055603,50.70000076293945,0.6960073709487915,-0.06986508518457413,0.8623266816139221
1077,Malta,2010,5.773874759674072,10.361133575439453,0.9083214998245239,71.5999984741211,0.8020443916320801,0.2868071496486664,0.7445489010298807
1082,Malta,2015,6.613394260406494,10.565675735473633,0.9187648892402649,72.19999694824219,0.9121780395507812,0.34702906012535095,0.663886308670044
1083,Malta,2016,6.590842247009277,10.599453926086426,0.9303693771362305,72.19999694824219,0.9160236120223999,0.3453969657421112,0.6964946389198303
1091,Mauritania,2010,4.7723069190979,8.469552993774414,0.8565078377723694,54.5,0.6689305901527405,0.055053651332855225,0.7273644804954529
1096,Mauritania,2015,3.922664165496826,8.54236125946045,0.8749459385871887,56.099998474121094,0.4470865726470947,0.05547939985990524,0.7153584361076355
1097,Mauritania,2016,4.47214937210083,8.52632999420166,0.7848268747329712,56.400001525878906,0.4665614664554596,-0.17485088109970093,0.8418351411819458
1103,Mauritius,2016,5.610003471374512,9.935321807861328,0.8360321521759033,65.80000305175781,0.819175660610199,0.1394643485546112,0.890661358833313
1108,Mexico,2005,6.580657958984375,9.78780746459961,0.9028076529502869,66.19999694824219,0.8137454986572266,0.008732767582596964,0.7642490267753601
1112,Mexico,2010,6.802388668060303,9.787886619567871,0.8763896822929382,66.5,0.778120756149292,-0.048390477895736694,0.6928918957710266
1117,Mexico,2015,6.2362871170043945,9.8672513961792,0.760614275932312,67.4000015258789,0.719465970993042,-0.15175363421440125,0.7079719305038452
1118,Mexico,2016,6.8241729736328125,9.88390827178955,0.893492579460144,67.69999694824219,0.7516130805015564,-0.1530999094247818,0.8085794448852539
1127,Moldova,2010,5.589736461639404,9.053706169128418,0.847094714641571,61.29999923706055,0.5984848141670227,-0.0883481353521347,0.9293094277381897
1132,Moldova,2015,6.017472267150879,9.245787620544434,0.8399055004119873,62.900001525878906,0.5952414274215698,-0.08976767212152481,0.9431188106536865
1133,Moldova,2016,5.577784061431885,9.300414085388184,0.8373214602470398,63.599998474121094,0.5573694705963135,-0.047451119869947433,0.969482958316803
1140,Mongolia,2010,4.58552360534668,8.919960975646973,0.9041778445243835,60.20000076293945,0.6309666037559509,0.09929440170526505,0.9275683164596558
1145,Mongolia,2015,4.982719898223877,9.307735443115234,0.9055243730545044,61.70000076293945,0.6855107545852661,0.1730996072292328,0.9002181887626648
1146,Mongolia,2016,5.056999683380127,9.30021858215332,0.9474893808364868,61.900001525878906,0.759740948677063,0.08974749594926834,0.9004521369934082
1153,Montenegro,2010,5.45503044128418,9.724202156066895,0.8045493364334106,67.0999984741211,0.5521036982536316,-0.20627330243587494,0.7572072148323059
1158,Montenegro,2015,5.1249213218688965,9.809857368469238,0.7396305203437805,67.9000015258789,0.5833173394203186,-0.14398890733718872,0.7812325954437256
1159,Montenegro,2016,5.304066181182861,9.838691711425781,0.8657436966896057,68.0999984741211,0.5686336755752563,-0.08741708099842072,0.8489665985107422
1164,Morocco,2010,4.383247375488281,8.745780944824219,0.8183104482300043,63.5,0.6629003882408142,-0.1623474806547165,0.9004530906677246
1168,Morocco,2015,5.163156986236572,8.87202262878418,0.6059176325798035,65.0,0.7129334211349487,-0.22769343852996826,0.8418569564819336
1169,Morocco,2016,5.386307239532471,8.86915111541748,0.6554093360900879,65.30000305175781,0.8165560960769653,-0.23747825622558594,0.7173561453819275
1178,Mozambique,2015,4.54976749420166,7.140938758850098,0.6658582091331482,51.20000076293945,0.8132292628288269,0.08872713893651962,0.631573498249054
1185,Myanmar,2015,4.223846435546875,8.359018325805664,0.7520642876625061,58.099998474121094,0.8079710602760315,0.6875602006912231,0.6333051919937134
1186,Myanmar,2016,4.623119831085205,8.40803050994873,0.7934619784355164,58.400001525878906,0.8774911761283875,0.679426372051239,0.6072865724563599
1201,Nepal,2010,4.349675178527832,7.7648444175720215,0.7790380716323853,59.20000076293945,0.5190626382827759,0.09164351224899292,0.910801887512207
1206,Nepal,2015,4.812436580657959,7.9764404296875,0.7476118803024292,60.20000076293945,0.7634472250938416,0.22741396725177765,0.8235083818435669
1207,Nepal,2016,5.099539756774902,7.973241329193115,0.8370436429977417,61.29999923706055,0.8394884467124939,0.1683223843574524,0.8171148896217346
1211,Netherlands,2005,7.463979244232178,10.813765525817871,0.9473579525947571,70.4000015258789,0.9010077714920044,0.008732767582596964,0.5713422298431396
1214,Netherlands,2010,7.501875877380371,10.864328384399414,0.9565368890762329,71.4000015258789,0.9214482307434082,0.34934568405151367,0.3985918462276459
1219,Netherlands,2015,7.324437141418457,10.882254600524902,0.8790104389190674,72.0,0.9039787650108337,0.2614469826221466,0.411822110414505
1220,Netherlands,2016,7.540877342224121,10.898612976074219,0.9259442090988159,72.0999984741211,0.9073100090026855,0.23866426944732666,0.4333042502403259
1228,New Zealand,2010,7.223756313323975,10.520456314086914,0.975642204284668,72.0,0.9177525043487549,0.25436416268348694,0.3207481801509857
1233,New Zealand,2015,7.418120861053467,10.608246803283691,0.9873434901237488,72.5999984741211,0.9417842626571655,0.32943692803382874,0.18588870763778687
1234,New Zealand,2016,7.2256879806518555,10.623369216918945,0.9366028904914856,72.80000305175781,0.9265760183334351,0.26562947034835815,0.27827078104019165
1243,Nicaragua,2010,5.686699390411377,8.436371803283691,0.8631515502929688,65.5,0.7917733192443848,0.0182561744004488,0.8017289042472839
1248,Nicaragua,2015,5.924112796783447,8.635926246643066,0.826908528804779,66.5999984741211,0.8092591762542725,0.07717341184616089,0.7279983758926392
1249,Nicaragua,2016,6.012739658355713,8.667661666870117,0.8527024388313293,66.9000015258789,0.7165342569351196,0.03940670192241669,0.7314649224281311
1257,Niger,2010,4.101016044616699,6.940520763397217,0.6549649834632874,49.400001525878906,0.8172197341918945,-0.023038242012262344,0.5289803147315979
1262,Niger,2015,3.6714537143707275,7.030498027801514,0.713019609451294,52.0,0.7281283140182495,-0.03214083984494209,0.7025496959686279
1263,Niger,2016,4.234645843505859,7.047224044799805,0.6828282475471497,52.5,0.7019273042678833,-0.015741674229502678,0.8144938945770264
1271,Nigeria,2010,4.760275840759277,8.503567695617676,0.8238230347633362,46.20000076293945,0.5653510689735413,0.06660440564155579,0.9107190370559692
1274,Nigeria,2015,4.932914733886719,8.615185737609863,0.8116476535797119,48.5,0.6804702877998352,-0.03535808250308037,0.926109254360199
1275,Nigeria,2016,5.219567775726318,8.572607040405273,0.8047669529914856,48.900001525878906,0.7976905107498169,0.04309293255209923,0.9047068357467651
1283,North Cyprus,2015,5.842550277709961,9.443266480674833,0.7913827300071716,63.77080735620463,0.7853528261184692,0.008732767582596964,0.6591802835464478
1284,North Cyprus,2016,5.827127933502197,9.443266480674833,0.8076902627944946,63.77080735620463,0.7962338328361511,0.008732767582596964,0.6701914072036743
1289,North Macedonia,2010,4.180202007293701,9.496163368225098,0.6868547797203064,64.50244140625,0.5131839513778687,-0.05849927291274071,0.8564526438713074
1294,North Macedonia,2015,4.975589752197266,9.612897872924805,0.7663681507110596,65.14520263671875,0.660318911075592,-0.046561792492866516,0.8241789937019348
1295,North Macedonia,2016,5.345746040344238,9.640299797058105,0.8712122440338135,65.22468566894531,0.7061793208122253,0.07981351763010025,0.8697190284729004
1304,Norway,2015,7.603433609008789,11.033207893371582,0.9468339681625366,72.9000015258789,0.9476205110549927,0.256901353597641,0.2988143563270569
1305,Norway,2016,7.596331596374512,11.035056114196777,0.9597428441047668,73.0,0.9543523192405701,0.13286271691322327,0.40966612100601196
1311,Pakistan,2005,5.2246575355529785,8.217930793762207,0.5909457206726074,54.20000076293945,0.6299958825111389,0.008732767582596964,0.8444361686706543
1315,Pakistan,2010,5.7861328125,8.270492553710938,0.5713159441947937,56.20000076293945,0.364205926656723,0.3003769814968109,0.851655900478363
1320,Pakistan,2015,4.823194980621338,8.361321449279785,0.5617201328277588,57.29999923706055,0.5865462422370911,0.08540236949920654,0.7166411876678467
1321,Pakistan,2016,5.548508167266846,8.394272804260254,0.6269212961196899,57.70000076293945,0.6341828107833862,0.09483594447374344,0.7925300598144531
1329,Palestinian Territories,2010,4.702603816986084,8.38321590423584,0.821746289730072,62.25,0.5042622685432434,-0.11725807934999466,0.7524146437644958
1334,Palestinian Territories,2015,4.695239067077637,8.480025291442871,0.7661012411117554,63.77080735620463,0.5560409426689148,-0.15281307697296143,0.7743013501167297
1335,Palestinian Territories,2016,4.906618118286133,8.498220443725586,0.8177709579467773,63.77080735620463,0.6076694130897522,-0.1289251148700714,0.8124646544456482
1343,Panama,2010,7.321467399597168,9.968682289123535,0.9275330901145935,68.30000305175781,0.7545236945152283,-0.008531462401151657,0.8798258304595947
1348,Panama,2015,6.605550289154053,10.255423545837402,0.8826150298118591,69.30000305175781,0.8466691970825195,-0.006957769859582186,0.809942901134491
1349,Panama,2016,6.117638111114502,10.28663444519043,0.8824602365493774,69.4000015258789,0.8844797611236572,-0.10245398432016373,0.8369767665863037
1357,Paraguay,2010,5.841174125671387,9.250022888183594,0.8891527652740479,64.5,0.7262623906135559,0.07635204493999481,0.7799146175384521
1362,Paraguay,2015,5.5597243309021,9.376697540283203,0.9141990542411804,65.0999984741211,0.806124746799469,-0.007561531849205494,0.8628882765769958
1363,Paraguay,2016,5.801380157470703,9.405685424804688,0.9398669600486755,65.30000305175781,0.8535342812538147,-0.07096462696790695,0.7561162710189819
1370,Peru,2010,5.612785339355469,9.216965675354004,0.8119143843650818,66.30000305175781,0.7567064166069031,-0.06043777987360954,0.8805941343307495
1375,Peru,2015,5.577263355255127,9.401808738708496,0.7984183430671692,67.19999694824219,0.8022690415382385,-0.0899965763092041,0.883730411529541
1376,Peru,2016,5.700628757476807,9.425748825073242,0.8028564453125,67.5,0.8298438787460327,-0.13405627012252808,0.8659195899963379
1384,Philippines,2010,4.941514015197754,8.685816764831543,0.8048611283302307,60.599998474121094,0.8933505415916443,0.03306754678487778,0.8124483823776245
1389,Philippines,2015,5.547489166259766,8.895648002624512,0.8535885810852051,61.599998474121094,0.9115335941314697,-0.0511600486934185,0.7551915645599365
1390,Philippines,2016,5.430832862854004,8.949630737304688,0.8212987184524536,61.70000076293945,0.9075957536697388,-0.07124263793230057,0.791962206363678
1395,Poland,2005,5.587209224700928,9.848785400390625,0.921527624130249,66.30000305175781,0.7824731469154358,0.008732767582596964,0.9829308986663818
1398,Poland,2010,5.887029647827148,10.084821701049805,0.9550653100013733,67.30000305175781,0.7949004769325256,0.0016567446291446686,0.9046972990036011
1403,Poland,2015,6.007021903991699,10.235350608825684,0.8930904269218445,68.0999984741211,0.7934621572494507,-0.09301692992448807,0.8100963234901428
1404,Poland,2016,6.162076473236084,10.265959739685059,0.9173988103866577,68.5,0.8707075119018555,-0.09093762189149857,0.8477539420127869
1411,Portugal,2010,5.0945258140563965,10.368414878845215,0.863906741142273,70.80000305175781,0.7210363745689392,-0.10599029809236526,0.947879433631897
1416,Portugal,2015,5.08086633682251,10.346818923950195,0.866213858127594,71.80000305175781,0.8004403114318848,-0.16310612857341766,0.9410507678985596
1417,Portugal,2016,5.446637153625488,10.369966506958008,0.9046353697776794,72.0,0.8380693197250366,-0.22528617084026337,0.922192394733429
1423,Qatar,2010,6.8496527671813965,11.519813537597656,0.8183104482300043,66.69999694824219,0.7466229984157259,0.10368723422288895,0.7445489010298807
1426,Qatar,2015,6.3745293617248535,11.485614776611328,0.8183104482300043,68.30000305175781,0.7466229984157259,0.008732767582596964,0.7445489010298807
1427,Romania,2005,5.048648357391357,9.724311828613281,0.8376854658126831,64.0,0.8001205921173096,0.008732767582596964,0.9568845629692078
1430,Romania,2010,4.909165859222412,9.915457725524902,0.6890656352043152,65.19999694824219,0.5655367374420166,-0.08471284061670303,0.9736863374710083
1435,Romania,2015,5.777491092681885,10.08348560333252,0.7869673371315002,66.30000305175781,0.7958477139472961,-0.1412583291530609,0.9616509675979614
1436,Romania,2016,5.968870639801025,10.136113166809082,0.8092291951179504,66.5999984741211,0.8217206001281738,-0.11528762429952621,0.9490445256233215
1444,Russia,2010,5.384773254394531,10.087255477905273,0.9088141918182373,61.0,0.6131590008735657,-0.29636645317077637,0.9365719556808472
1449,Russia,2015,5.995538711547852,10.149029731750488,0.9243632555007935,63.099998474121094,0.6854547262191772,-0.17106080055236816,0.9134182929992676
1450,Russia,2016,5.854945659637451,10.14913272857666,0.9109273552894592,63.5,0.7136062979698181,-0.18124747276306152,0.9254627227783203
1462,Rwanda,2015,3.4831089973449707,7.5436811447143555,0.6781435608863831,59.29999923706055,0.9078923463821411,0.025018684566020966,0.09460446983575821
1463,Rwanda,2016,3.3329899311065674,7.575754642486572,0.6651309132575989,59.900001525878906,0.9107363820075989,0.02514749951660633,0.15860138833522797
1467,Saudi Arabia,2005,7.079644203186035,10.698954582214355,0.8678194880485535,63.5,0.7466229984157259,0.008732767582596964,0.5051490664482117
1471,Saudi Arabia,2010,6.307098388671875,10.692780494689941,0.8795983195304871,64.4000015258789,0.6777772307395935,-0.03263252228498459,0.7445489010298807
1476,Saudi Arabia,2015,6.345491886138916,10.797966957092285,0.8197497129440308,65.4000015258789,0.8202072381973267,-0.04480266198515892,0.7445489010298807
1477,Saudi Arabia,2016,6.473921298980713,10.791936874389648,0.8899323344230652,65.69999694824219,0.7742677330970764,-0.13231615722179413,0.7445489010298807
1486,Senegal,2010,4.372156143188477,7.916805744171143,0.7602940797805786,56.099998474121094,0.7772626280784607,-0.07727022469043732,0.8505348563194275
1491,Senegal,2015,4.617000579833984,7.99512243270874,0.7015345096588135,58.400001525878906,0.7195332646369934,-0.11110300570726395,0.7654901742935181
1492,Senegal,2016,4.594533920288086,8.028671264648438,0.8389943838119507,58.79999923706055,0.7437296509742737,-0.08559001982212067,0.794353723526001
1498,Serbia,2010,4.461304187774658,9.578816413879395,0.7255633473396301,66.19999694824219,0.4626472592353821,-0.1702040433883667,0.9654724597930908
1503,Serbia,2015,5.317685127258301,9.649492263793945,0.8162510395050049,67.0,0.5458920001983643,-0.06208997592329979,0.859358012676239
1504,Serbia,2016,5.7527546882629395,9.687586784362793,0.8948949575424194,67.4000015258789,0.6143708229064941,-0.06787561625242233,0.889765202999115
1512,Sierra Leone,2010,4.133955955505371,7.253869533538818,0.8118729591369629,43.900001525878906,0.7262688279151917,0.011957618407905102,0.9104406237602234
1516,Sierra Leone,2015,4.908617973327637,7.347185134887695,0.6105937361717224,46.0,0.6242961287498474,0.05044646933674812,0.824828028678894
1517,Sierra Leone,2016,4.732953071594238,7.384332656860352,0.6567234992980957,47.599998474121094,0.6812021136283875,0.10607273876667023,0.8632648587226868
1525,Singapore,2010,6.531401634216309,11.266510963439941,0.8641621470451355,74.80000305175781,0.8461846113204956,-0.01800346001982689,0.06028206646442413
1529,Singapore,2015,6.619524955749512,11.40049934387207,0.8664366602897644,75.9000015258789,0.8868908882141113,0.14967015385627747,0.09894388169050217
1530,Singapore,2016,6.033480644226074,11.41944408416748,0.9251282215118408,76.19999694824219,0.9037356376647949,0.1429075002670288,0.04731115326285362
1535,Slovakia,2010,6.052223205566406,10.16860580444336,0.9196400046348572,66.80000305175781,0.6357576847076416,-0.1011645570397377,0.9071360230445862
1540,Slovakia,2015,6.162004470825195,10.290573120117188,0.9434536695480347,68.0,0.587157666683197,-0.12785226106643677,0.9275451302528381
1541,Slovakia,2016,5.993163108825684,10.310295104980469,0.9451791048049927,68.30000305175781,0.7000985145568848,-0.06063176691532135,0.9166091680526733
1548,Slovenia,2010,6.082555294036865,10.419256210327148,0.9172033667564392,69.19999694824219,0.89552241563797,0.029249949380755424,0.8447906970977783
1553,Slovenia,2015,5.740642070770264,10.432632446289062,0.9011637568473816,70.19999694824219,0.8960072994232178,0.007825181819498539,0.8921979069709778
1554,Slovenia,2016,5.936821460723877,10.462639808654785,0.9344873428344727,70.5,0.9035511016845703,-0.054714005440473557,0.8384743928909302
1560,Somalia,2015,5.353644847869873,9.443266480674833,0.5992810726165771,50.099998474121094,0.9678692817687988,0.008732767582596964,0.41023576259613037
1561,Somalia,2016,4.667941093444824,9.443266480674833,0.5944165587425232,50.0,0.9173228144645691,0.008732767582596964,0.440801739692688
1563,Somaliland region,2010,4.657363414764404,9.443266480674833,0.8290045261383057,63.77080735620463,0.8201819062232971,0.008732767582596964,0.4710944890975952
1570,South Africa,2010,4.65242862701416,9.42966365814209,0.9170560240745544,50.5,0.7389059662818909,-0.20223142206668854,0.7906289100646973
1575,South Africa,2015,4.887325763702393,9.460323333740234,0.8980962634086609,55.29999923706055,0.8624494075775146,-0.12704870104789734,0.8526947498321533
1576,South Africa,2016,4.769739627838135,9.449658393859863,0.8753897547721863,55.70000076293945,0.7741364240646362,-0.07020007073879242,0.8128589987754822
1585,South Korea,2010,6.116024494171143,10.446717262268066,0.8155166506767273,71.4000015258789,0.6766529679298401,-0.0332343690097332,0.7516211271286011
1590,South Korea,2015,5.780211448669434,10.567980766296387,0.7683506011962891,72.69999694824219,0.6158487796783447,-0.03557406738400459,0.840721607208252
1591,South Korea,2016,5.970564365386963,10.593055725097656,0.8111634850502014,73.0,0.5909560322761536,0.026375923305749893,0.8618163466453552
1597,South Sudan,2015,4.070771217346191,9.443266480674833,0.5847813487052917,50.20000076293945,0.5116310119628906,0.008732767582596964,0.7096059322357178
1598,South Sudan,2016,2.8881123065948486,9.443266480674833,0.5321518182754517,50.599998474121094,0.43991902470588684,0.008732767582596964,0.7853177785873413
1600,Spain,2005,7.152785778045654,10.546350479125977,0.9610428810119629,71.5,0.9161646962165833,0.008732767582596964,0.7772722840309143
1604,Spain,2010,6.188262462615967,10.529244422912598,0.9499403834342957,72.9000015258789,0.7964955568313599,-0.1379983127117157,0.8397462964057922
1609,Spain,2015,6.3806633949279785,10.530786514282227,0.956471860408783,73.5,0.732000470161438,-0.0723392590880394,0.8216649293899536
1610,Spain,2016,6.318612098693848,10.559804916381836,0.9417368173599243,73.80000305175781,0.7681737542152405,-0.04809087887406349,0.8185585737228394
1619,Sri Lanka,2010,3.976905107498169,9.118977546691895,0.8143672347068787,66.0999984741211,0.738208532333374,0.2585369646549225,0.769477903842926
1624,Sri Lanka,2015,4.611606597900391,9.383496284484863,0.8625000715255737,66.5999984741211,0.9020747542381287,0.3191469609737396,0.8594709634780884
1629,Sudan,2010,4.435159683227539,8.07644271850586,0.854824423789978,54.0,0.6481553316116333,-0.04005447030067444,0.7368971705436707
1637,Sweden,2005,7.376315593719482,10.739267349243164,0.951469898223877,71.19999694824219,0.9643954038619995,0.008732767582596964,0.7445489010298807
1641,Sweden,2010,7.496018886566162,10.789713859558105,0.9702426195144653,71.9000015258789,0.904699981212616,0.1413842886686325,0.253086656332016
1646,Sweden,2015,7.288922309875488,10.853300094604492,0.9294599890708923,72.30000305175781,0.9350720643997192,0.21117615699768066,0.2319641411304474
1647,Sweden,2016,7.368744373321533,10.86122989654541,0.9120606780052185,72.4000015258789,0.9180364012718201,0.14573439955711365,0.24618244171142578
1656,Switzerland,2015,7.572136878967285,11.099858283996582,0.9383337497711182,73.19999694824219,0.9278024435043335,0.10892389714717865,0.20953351259231567
1657,Switzerland,2016,7.45851993560791,11.106019020080566,0.9276282787322998,73.5,0.9339470863342285,0.08844253420829773,0.30156296491622925
1664,Syria,2010,4.464707851409912,8.729084014892578,0.9342316389083862,64.0999984741211,0.6470479965209961,0.007882609963417053,0.7430939674377441
1668,Syria,2015,3.4619128704071045,8.441536903381348,0.46391287446022034,55.20000076293945,0.44827085733413696,0.044834915548563004,0.685236930847168
1671,Taiwan Province of China,2010,6.2285308837890625,10.690680503845215,0.8314129114151001,69.5999984741211,0.6765872836112976,0.0047532180324196815,0.82136470079422
1676,Taiwan Province of China,2015,6.450088024139404,10.842317581176758,0.8853888511657715,63.77080735620463,0.7008104920387268,0.018658051267266273,0.8571948409080505
1677,Taiwan Province of China,2016,6.512850761413574,10.854927062988281,0.8949892520904541,63.77080735620463,0.7189251780509949,-0.04880446940660477,0.8105210065841675
1686,Tajikistan,2010,4.380636215209961,7.722940444946289,0.7591630220413208,62.400001525878906,0.7844958901405334,0.0618293359875679,0.6785277724266052
1691,Tajikistan,2015,5.124210834503174,7.945079326629639,0.8439325094223022,63.20000076293945,0.8465421199798584,0.022057460620999336,0.7416896224021912
1692,Tajikistan,2016,5.1037211418151855,7.987065315246582,0.8566569685935974,63.5,0.7030268907546997,0.00966602098196745,0.6318878531455994
1701,Tanzania,2010,3.2291290760040283,7.604382038116455,0.8125317692756653,52.29999923706055,0.5971216559410095,0.13895484805107117,0.8662638664245605
1706,Tanzania,2015,3.660597324371338,7.763930320739746,0.7902625799179077,56.0,0.7586846947669983,0.14869466423988342,0.9064226150512695
1707,Tanzania,2016,2.9027342796325684,7.800394535064697,0.6377559304237366,56.5,0.7754849195480347,0.17877833545207977,0.7392472624778748
1716,Thailand,2010,6.216702938079834,9.575910568237305,0.8976512551307678,65.5,0.8596364259719849,0.5359854698181152,0.916693389415741
1721,Thailand,2015,6.201762676239014,9.699014663696289,0.8663245439529419,66.5999984741211,0.8849165439605713,0.3159483075141907,0.9136511087417603
1722,Thailand,2016,6.073639869689941,9.72900104522705,0.9075436592102051,66.80000305175781,0.9241456985473633,0.35571932792663574,0.8779783844947815
1731,Togo,2015,3.7683019638061523,7.277405738830566,0.4785934090614319,53.5,0.7715772390365601,-0.06868194788694382,0.73326176404953
1732,Togo,2016,3.8785784244537354,7.306319236755371,0.5094409584999084,53.900001525878906,0.7302867770195007,-0.006935871671885252,0.8150441646575928
1742,Tunisia,2010,5.130520820617676,9.221611976623535,0.8631876707077026,65.0999984741211,0.6235928535461426,-0.1351689249277115,0.7323792576789856
1747,Tunisia,2015,5.1316118240356445,9.261008262634277,0.609470009803772,66.0,0.7113733887672424,-0.22603139281272888,0.8148249983787537
1748,Tunisia,2016,4.521453380584717,9.261507987976074,0.7018221020698547,66.30000305175781,0.6144383549690247,-0.16495002806186676,0.8107456564903259
1753,Turkey,2005,4.718733787536621,9.80925178527832,0.8199363946914673,62.599998474121094,0.6231149435043335,0.008732767582596964,0.8769986033439636
1757,Turkey,2010,5.490347385406494,9.905598640441895,0.7949054837226868,64.4000015258789,0.5149203538894653,-0.18719609081745148,0.8108957409858704
1762,Turkey,2015,5.51446533203125,10.166447639465332,0.8512246012687683,65.5999984741211,0.6531967520713806,-0.016285767778754234,0.8060762286186218
1763,Turkey,2016,5.326221942901611,10.181467056274414,0.8799946308135986,66.0,0.644146740436554,-0.06502895802259445,0.7637065649032593
1773,Turkmenistan,2015,5.791460037231445,9.472206115722656,0.9601584672927856,61.0,0.7013583779335022,0.09277527034282684,0.7445489010298807
1774,Turkmenistan,2016,5.887051582336426,9.515066146850586,0.9290322661399841,61.400001525878906,0.7485044002532959,0.004624356981366873,0.7445489010298807
1782,Uganda,2010,4.192882061004639,7.528167724609375,0.8301554918289185,50.400001525878906,0.8006672859191895,-0.014678716659545898,0.8549919128417969
1787,Uganda,2015,4.237686634063721,7.626735210418701,0.7466331124305725,54.5,0.757835328578949,0.1350565254688263,0.8727403879165649
1788,Uganda,2016,4.2332611083984375,7.636910915374756,0.7535402178764343,54.900001525878906,0.7394097447395325,0.13175912201404572,0.8110697865486145
1797,Ukraine,2010,5.05756139755249,9.374014854431152,0.8835551142692566,62.20000076293945,0.4838331937789917,-0.18866029381752014,0.9537522792816162
1802,Ukraine,2015,3.964542865753174,9.326973915100098,0.909439742565155,63.70000076293945,0.43059203028678894,-0.03340182453393936,0.9524727463722229
1803,Ukraine,2016,4.028690338134766,9.353109359741211,0.8849613666534424,64.0,0.5025418996810913,0.010512580163776875,0.8910751342773438
1810,United Arab Emirates,2010,7.0974555015563965,10.913666725158691,0.9117623567581177,66.4000015258789,0.8777507543563843,0.056746646761894226,0.3551158905029297
1815,United Arab Emirates,2015,6.568397521972656,11.085502624511719,0.8241366744041443,66.5,0.9150362014770508,0.20111078023910522,0.7445489010298807
1816,United Arab Emirates,2016,6.8309502601623535,11.105120658874512,0.84937983751297,66.69999694824219,0.949119508266449,0.13105912506580353,0.7445489010298807
1821,United Kingdom,2005,6.983556747436523,10.662884712219238,0.9788397550582886,69.9000015258789,0.922354519367218,0.008732767582596964,0.398456871509552
1825,United Kingdom,2010,7.029364109039307,10.649076461791992,0.9550681710243225,71.30000305175781,0.841306746006012,0.40317288041114807,0.5868131518363953
1830,United Kingdom,2015,6.515445232391357,10.712478637695312,0.9359857439994812,71.69999694824219,0.8329260945320129,0.3001050055027008,0.45613372325897217
1831,United Kingdom,2016,6.824283599853516,10.723899841308594,0.9540681838989258,71.9000015258789,0.8211921453475952,0.2503077983856201,0.4583132863044739
1840,United States,2010,7.163616180419922,10.904800415039062,0.9261587262153625,68.69999694824219,0.8280443549156189,0.24392126500606537,0.6895825862884521
1845,United States,2015,6.863946914672852,10.97739315032959,0.9035710692405701,68.5999984741211,0.8487534523010254,0.21945954859256744,0.6975426077842712
1846,United States,2016,6.803599834442139,10.985776901245117,0.8967512845993042,68.5,0.7578930854797363,0.14404797554016113,0.7389195561408997
1855,Uruguay,2010,6.062010765075684,9.782048225402832,0.8930397629737854,68.0,0.8322413563728333,-0.15804964303970337,0.4713762402534485
1860,Uruguay,2015,6.628080368041992,9.932482719421387,0.8914934992790222,68.69999694824219,0.9168796539306641,-0.032266486436128616,0.6734756827354431
1861,Uruguay,2016,6.171485424041748,9.945693016052246,0.9003809094429016,68.80000305175781,0.886371910572052,-0.07194391638040543,0.6762127876281738
1869,Uzbekistan,2010,5.09534215927124,8.444950103759766,0.9032264351844788,63.20000076293945,0.7466229984157259,-0.030089907348155975,0.5187202095985413
1874,Uzbekistan,2015,5.97236442565918,8.71386432647705,0.9682252407073975,64.19999694824219,0.9799371361732483,0.37466803193092346,0.4709169268608093
1875,Uzbekistan,2016,5.892539024353027,8.755632400512695,0.9451021552085876,64.5,0.9838030338287354,0.2081928700208664,0.7445489010298807
1879,Venezuela,2005,7.169620990753174,9.313096046447754,0.9552784562110901,65.4000015258789,0.8381980061531067,0.008732767582596964,0.7198000550270081
1883,Venezuela,2010,7.47845458984375,9.716554641723633,0.9315758347511292,65.69999694824219,0.7682569622993469,-0.15488344430923462,0.7542689442634583
1888,Venezuela,2015,5.568800449371338,9.001046180725098,0.9110868573188782,65.9000015258789,0.5121593475341797,-0.11693695187568665,0.813096821308136
1889,Venezuela,2016,4.041114807128906,9.010294914245605,0.9019492864608765,66.0999984741211,0.4576015770435333,-0.1549309641122818,0.8901246786117554
1898,Vietnam,2010,5.295780658721924,8.534917831420898,0.7866113781929016,66.5,0.8314944505691528,-0.005769398063421249,0.7426367402076721
1903,Vietnam,2015,5.076315402984619,8.770013809204102,0.8486766815185547,67.30000305175781,0.7466229984157259,0.08550644665956497,0.7445489010298807
1904,Vietnam,2016,5.062267303466797,8.8199462890625,0.8763235807418823,67.5,0.8943511247634888,-0.08981402218341827,0.7992401719093323
1910,Yemen,2010,4.35031270980835,8.453350067138672,0.726612389087677,54.29999923706055,0.6592839956283569,-0.10433351993560791,0.8534032106399536
1915,Yemen,2015,2.9826738834381104,7.857512474060059,0.6686834692955017,54.29999923706055,0.6099807620048523,-0.13938328623771667,0.8290975689888
1916,Yemen,2016,3.8256309032440186,7.7151079177856445,0.7754070162773132,55.099998474121094,0.5329640507698059,-0.15082134306430817,0.7445489010298807
1928,Zambia,2015,4.843164443969727,8.144257545471191,0.6914834976196289,53.79999923706055,0.7586536407470703,-0.03881865739822388,0.8710195422172546
1929,Zambia,2016,4.347543716430664,8.151296615600586,0.7670466303825378,54.29999923706055,0.8115745186805725,0.12234990298748016,0.7706435918807983
1938,Zimbabwe,2010,4.681569576263428,7.728943824768066,0.8566378355026245,46.70000076293945,0.6647182106971741,-0.09281296283006668,0.8283607959747314
1943,Zimbabwe,2015,3.7031912803649902,7.992339134216309,0.7358003258705139,53.79999923706055,0.6671932935714722,-0.12317058444023132,0.8104573488235474
1944,Zimbabwe,2016,3.7354001998901367,7.984372138977051,0.7684254050254822,54.400001525878906,0.7329714894294739,-0.09463448822498322,0.7236120104789734
